Categoria, Materia Prima Basica,
Categoria, Materia Prima Refinada,
Categoria, Insumo Auxiliar,
Produto, Minerio de ferro, Materia Prima Basica, 2.58, .05, 1,
Produto, Bauxita, Materia Prima Basica, 4.31, .05, 1,
Produto, Casseterita, Materia Prima Basica, 3.79, .1, 1,
Produto, Lingote de ferro, Materia Prima Refinada, 7.58, .05, 1,
Produto, Chapa de Aco, Materia Prima Refinada, 9.91, .05, 1,
Produto, Lingote de Tungstenio, Materia Prima Refinada, 11.28, .1, 1,
Produto, Rolo de Fibra de Vidro, Materia Prima Refinada, 7.36, .15, 1,
Produto, Graxa Liquida, Insumo Auxiliar, 2.36, .1, 2,
Produto, √Åcido Sulfurico, Insumo Auxiliar, 5.46, .1, 2,